{"weights": [0.07280933822769432, 0.2983852156873379, 0.07249172848095961, 0.06349902022277965, 0.06550190263828047, 0.17368416050328891, 0.11793206807399505, 0.1356965661656641], "bias": 0.0, "scaler_mean": [3.8192182410423454, 120.90879478827361, 69.44299674267101, 20.77687296416938, 78.66612377850163, 31.97328990228013, 0.477428338762215, 33.36644951140065], "scaler_scale": [3.311448216586372, 31.535381414498353, 18.387588970636795, 15.843515694762356, 107.64880281808567, 7.854959838378327, 0.33003119077476745, 11.82379790254742]}