{"weights": [0.21255394205294842, 1.0713014313138973, -0.24782647399002955, 0.04572880188000517, -0.2007825230832731, 0.7781821550739417, 0.23062467121272973, 0.42120732207814965], "bias": -0.8861201511656233, "scaler_mean": [3.742671009771987, 120.85504885993485, 69.41530944625407, 20.39902280130293, 81.43811074918567, 31.98338762214984, 0.4691677524429967, 32.9071661237785], "scaler_scale": [3.310564970320029, 32.00895892883288, 18.49751704841383, 15.421400979340493, 116.14014299402156, 7.734319068645427, 0.33657233160174427, 11.494065064569595]}